-- FACULTIES --
INSERT INTO FACULTY (FACULTY_ID, FACULTY_NAME) VALUES ('1', 'Automatica si Calculatoare');

-- SPECIALIZATIONS --
INSERT INTO SPECIALIZATION (SPECIALIZATION_ID, SPECIALIZATION_NAME, FACULTY_ID) VALUES ('1', 'Calculatoare si Tehnologia Informatiei', '1');

-- CLASSES --
INSERT INTO CLASS (CLASS_ID, CLASS_NAME, SERIES_NAME, CLASS_YEAR, SPECIALIZATION_ID)
    VALUES ('1', '2019-2023', 'Seria A', '3', '1');

-- TOPICS --

INSERT INTO TOPIC (TOPIC_ID, TOPIC_NAME, CREDITS, EXAMINATION_TYPE) VALUES ('1', 'Sisteme inteligente', '4', 'Examen');
INSERT INTO TOPIC (TOPIC_ID, TOPIC_NAME, CREDITS, EXAMINATION_TYPE) VALUES ('2', 'Proiectare Software', '5', 'Examen+Colocviu');
INSERT INTO TOPIC_CLASS (TOPIC_ID, CLASS_ID) VALUES ('1', '1');

-- TEACHERS --

-- Teach1
INSERT INTO PERSONAL_INFO (PERSONAL_INFO_ID, NAME, PASSWORD, EMAIL, NPC)
    VALUES ('1', 'Groza', '123456', 'groza@yahoo.com', '5000000999998');
INSERT INTO ADDRESS (ADDRESS_ID, STREET, CITY, COUNTRY, POSTAL_CODE,PERSONAL_INFO_ID) VALUES ('1', 'Baritiu, 1', 'Cluj-Napoca', 'Romania', '545200','1');

INSERT INTO TEACHER (TEACHER_ID, PERSONAL_INFO_ID, ENTITLING) VALUES ('1', '1', 'Profesor universitar');

INSERT INTO TEACHER_TOPIC (TEACHER_ID, TOPIC_ID) VALUES ('1', '1');

-- STUDENTS --

-- Stud1
INSERT INTO PERSONAL_INFO (PERSONAL_INFO_ID, NAME, PASSWORD, EMAIL, NPC)
    VALUES ('2', 'Sopterean Mihai', '123456', 'soptereanandrei@yahoo.com', '5000223999999');
INSERT INTO ADDRESS (ADDRESS_ID, STREET, CITY, COUNTRY, POSTAL_CODE,PERSONAL_INFO_ID) VALUES ('2', 'Fabricii de zahar, 58', 'Cluj-Napoca', 'Romania', '545200','2');

INSERT INTO STUDENT (STUDENT_ID, PERSONAL_INFO_ID, CLASS_ID) VALUES ('1', '2', '1');

INSERT INTO CLASS_BOOK (CLASS_BOOK_ID, CLASS_BOOK_YEAR, CLASS_BOOK_SEMESTER,STUDENT_ID) VALUES ('1', 3, 2,'1');
INSERT INTO CLASS_BOOK (CLASS_BOOK_ID,CLASS_BOOK_YEAR, CLASS_BOOK_SEMESTER,STUDENT_ID) VALUES ('3',3,1,'1');
INSERT INTO TOPIC_CLASS_BOOK (CLASS_BOOK_ID, TOPIC_ID, GRADE) VALUES ('1', '1', 0);
INSERT INTO TOPIC_CLASS_BOOK (CLASS_BOOK_ID, TOPIC_ID, GRADE) VALUES ('3', '1', 0);

-- Stud2
INSERT INTO PERSONAL_INFO (PERSONAL_INFO_ID, NAME, PASSWORD, EMAIL, NPC)
    VALUES ('3', 'Popescu Mihai', '123456', 'popescuedy@yahoo.com', '5000000999999');
INSERT INTO ADDRESS (ADDRESS_ID, STREET, CITY, COUNTRY, POSTAL_CODE,PERSONAL_INFO_ID) VALUES ('3', 'Campului, 15', 'Cluj-Napoca', 'Romania', '545200','3');

INSERT INTO STUDENT (STUDENT_ID, PERSONAL_INFO_ID, CLASS_ID) VALUES ('2', '3', '1');

INSERT INTO CLASS_BOOK (CLASS_BOOK_ID, CLASS_BOOK_YEAR, CLASS_BOOK_SEMESTER,STUDENT_ID) VALUES ('2', 3, 2,'2');
INSERT INTO TOPIC_CLASS_BOOK (CLASS_BOOK_ID, TOPIC_ID, GRADE) VALUES ('2', '1', 0);


-- FEES --
INSERT INTO FEE (FEE_ID, FEE_NAME, AMOUNT, STATUS, STUDENT_ID) VALUES ('1', 'Restanta examen', 200, 'WAITING', '1');

-- ADMINISTRATORS 00
INSERT INTO PERSONAL_INFO (PERSONAL_INFO_ID, NAME, PASSWORD, EMAIL, NPC)
    VALUES ('4', 'admin', 'admin', 'admin@yahoo.com', '0000000111111');
INSERT INTO ADDRESS (ADDRESS_ID, STREET, CITY, COUNTRY, POSTAL_CODE,PERSONAL_INFO_ID) VALUES ('4', 'Baritiu, 1', 'Cluj-Napoca', 'Romania', '545200','4');
INSERT INTO ADMINISTRATOR (ADMINISTRATOR_ID, PERSONAL_INFO_ID) VALUES ('1', '4');